"esh_id","use_case_name"
881422,"'Change in Total BW'"
881435,"'Change in Total BW'"
881446,"'Change in Total BW','BW per Student'"
881453,"'Change in Total BW'"
881458,"'BW per Student'"
881466,"'BW per Student'"
881470,"'Change in Total BW','Change in Total Monthly Cost','Change in Total BW','% Change in BW','BW per Student'"
881477,"'Cost Per Circuit','Cost Per Circuit'"
881483,"'Change in Total BW','Change in Total Monthly Cost'"
881545,"'BW per Student'"
881581,"'Monthly Cost per Mbps'"
881585,"'Change in Total Monthly Cost'"
881611,"'Change in Total BW'"
881616,"'Change in Total BW'"
881621,"'Monthly Cost per Mbps'"
881622,"'BW per Student','Change in Total BW'"
881626,"'BW per Student','Change in Total BW'"
881634,"'Change in Total BW'"
881639,"'Change in Total BW'"
881645,"'Change in Total BW'"
881708,"'BW per Student','Change in Total BW'"
881722,"'Cost Per Circuit'"
881728,"'BW per Student'"
881732,"'Monthly Cost per Mbps'"
881739,"'Change in Total BW'"
881749,"'Change in Total BW'"
881760,"'BW per Student'"
881765,"'BW per Student'"
881775,"'Cost Per Circuit'"
881800,"'Cost Per Circuit'"
881824,"'% Change in BW'"
881825,"'BW per Student'"
881831,"'Cost Per Circuit'"
881872,"'BW per Student'"
881874,"'Cost Per Circuit'"
881878,"'Change in Total BW'"
881884,"'BW per Student','Change in Total BW'"
881890,"'Change in Total BW'"
881892,"'Cost Per Circuit'"
881901,"'BW per Student','Change in Total BW'"
881920,"'% Change in BW','Change in Total BW'"
881927,"'Change in Total BW','BW per Student'"
881929,"'Change in Total Monthly Cost'"
881930,"'Cost Per Circuit'"
881932,"'BW per Student'"
881944,"'Monthly Cost per Mbps'"
881948,"'BW per Student','Change in Total BW'"
881959,"'BW per Student','Change in Total BW'"
881968,"'Change in Total BW'"
881981,"'BW per Student'"
881996,"'BW per Student'"
882001,"'Cost Per Circuit'"
882004,"'Change in Total BW'"
882010,"'Change in Total BW','BW per Student'"
882020,"'BW per Student'"
882031,"'Cost Per Circuit'"
882032,"'BW per Student','Change in Total BW'"
882042,"'BW per Student','Change in Total BW'"
882046,"'BW per Student','Change in Total BW'"
882066,"'Change in Total BW'"
882068,"'BW per Student'"
882070,"'% Change in BW'"
882089,"'BW per Student','Change in Total BW'"
882093,"'Change in Total BW'"
882104,"'Change in Total BW','% Change in BW'"
882152,"'BW per Student','Change in Total BW','% Change in BW'"
882156,"'Change in Total BW','BW per Student'"
882175,"'BW per Student'"
882177,"'BW per Student'"
882180,"'Cost Per Circuit'"
882182,"'Cost Per Circuit'"
882183,"'% Change in BW','Change in Total BW'"
882198,"'Change in Total BW'"
882199,"'BW per Student'"
882202,"'BW per Student'"
882206,"'BW per Student','% Change in Monthly Cost','Change in Total BW'"
882225,"'BW per Student','Change in Total BW','Change in Total BW'"
882229,"'Cost Per Circuit'"
882235,"'BW per Student','Change in Total BW'"
882245,"'Change in Total BW'"
882271,"'Change in Total BW'"
882277,"'BW per Student'"
882281,"'% Change in BW','Change in Total Monthly Cost'"
882284,"'BW per Student'"
882295,"'Change in Total BW'"
882296,"'% Change in BW','Change in Total Monthly Cost','Change in Total BW'"
882300,"'BW per Student','Change in Total BW'"
882307,"'BW per Student','% Change in BW','Change in Total BW'"
882321,"'Change in Total BW','BW per Student'"
882327,"'BW per Student'"
882330,"'Monthly Cost per Mbps'"
882333,"'BW per Student','Change in Total BW'"
882339,"'Cost Per Circuit'"
882347,"'Change in Total BW'"
882361,"'Change in Total BW','BW per Student'"
882387,"'Monthly Cost per Mbps','% Change in Monthly Cost','Change in Total Monthly Cost'"
882416,"'Change in Total Monthly Cost'"
882422,"'% Change in BW','BW per Student'"
882423,"'Change in Total BW','% Change in BW'"
882426,"'BW per Student'"
882431,"'Change in Total BW'"
882445,"'BW per Student'"
882447,"'% Change in Monthly Cost','BW per Student'"
882453,"'BW per Student'"
882461,"'Cost Per Circuit'"
882463,"'BW per Student','Change in Total BW'"
882474,"'Change in Total BW','Change in Total Monthly Cost','% Change in BW'"
882479,"'Change in Total BW','BW per Student'"
882487,"'Change in Total BW'"
882494,"'Change in Total BW','BW per Student','% Change in BW'"
882497,"'Change in Total Monthly Cost','BW per Student','% Change in BW','Change in Total BW','Change in Total BW'"
882499,"'BW per Student','Change in Total BW','BW per Student'"
882506,"'BW per Student','Change in Total BW'"
882509,"'BW per Student','Change in Total BW'"
882516,"'BW per Student','Change in Total BW'"
882525,"'Change in Total BW','BW per Student'"
882529,"'Change in Total BW','% Change in BW'"
882534,"'% Change in BW','Change in Total BW','BW per Student'"
882540,"'BW per Student','Change in Total BW'"
882551,"'Cost Per Circuit'"
882569,"'BW per Student'"
882570,"'BW per Student'"
882575,"'BW per Student'"
882578,"'BW per Student','% Change in BW'"
882588,"'Change in Total BW'"
882593,"'BW per Student'"
882596,"'Change in Total BW'"
882614,"'BW per Student','Change in Total BW'"
882624,"'Change in Total BW'"
882634,"'% Change in BW','Change in Total BW'"
882644,"'Change in Total BW','BW per Student'"
882654,"'BW per Student'"
882670,"'% Change in BW','Change in Total BW'"
882681,"'% Change in BW','Change in Total BW'"
882685,"'BW per Student','Change in Total BW'"
882690,"'BW per Student','Change in Total BW'"
882692,"'Change in Total BW'"
882699,"'BW per Student','Change in Total BW'"
882708,"'Change in Total BW','BW per Student'"
882710,"'BW per Student'"
882725,"'BW per Student'"
882729,"'Cost Per Circuit'"
882735,"'BW per Student'"
882745,"'BW per Student'"
882751,"'Change in Total BW','% Change in BW'"
882755,"'Change in Total BW'"
882777,"'Change in Total BW'"
882780,"'BW per Student'"
882789,"'BW per Student','Change in Total BW'"
882792,"'BW per Student','Change in Total BW'"
882796,"'BW per Student'"
882800,"'Change in Total BW'"
882804,"'Change in Total BW'"
882813,"'Change in Total BW'"
882818,"'Change in Total BW'"
882821,"'Change in Total BW','BW per Student'"
882829,"'% Change in Monthly Cost'"
882830,"'Cost Per Circuit'"
882834,"'Monthly Cost per Mbps','Change in Total Monthly Cost'"
882838,"'Change in Total BW'"
882842,"'Change in Total BW'"
882866,"'Cost Per Circuit'"
882869,"'Change in Total BW'"
883000,"'% Change in BW','Change in Total Monthly Cost'"
883009,"'Cost Per Circuit','Cost Per Circuit'"
883040,"'Cost Per Circuit'"
883066,"'BW per Student'"
883075,"'Change in Total BW'"
883101,"'Change in Total BW'"
883107,"'Change in Total BW','% Change in BW','BW per Student'"
883133,"'BW per Student','% Change in Monthly Cost'"
883137,"'% Change in BW'"
883146,"'BW per Student'"
883147,"'Cost Per Circuit'"
883150,"'Cost Per Circuit'"
883152,"'Cost Per Circuit'"
883166,"'BW per Student','% Change in BW','Change in Total BW'"
883168,"'Change in Total Monthly Cost'"
883209,"'Change in Total Monthly Cost'"
883238,"'% Change in BW'"
883243,"'Cost Per Circuit'"
883254,"'Change in Total Monthly Cost'"
883281,"'BW per Student','Change in Total BW','BW per Student'"
883295,"'Cost Per Circuit','Cost Per Circuit'"
883299,"'% Change in Monthly Cost'"
883309,"'Cost Per Circuit'"
883356,"'Cost Per Circuit'"
883388,"'Monthly Cost per Mbps'"
883406,"'Monthly Cost per Mbps','% Change in Monthly Cost','Change in Total Monthly Cost'"
883413,"'Change in Total Monthly Cost'"
883430,"'Cost Per Circuit'"
883457,"'Change in Total BW'"
883458,"'Cost Per Circuit'"
883503,"'Cost Per Circuit'"
883505,"'Cost Per Circuit'"
883506,"'Cost Per Circuit'"
883598,"'Cost Per Circuit'"
883629,"'Cost Per Circuit'"
883652,"'BW per Student'"
883678,"'Cost Per Circuit'"
883682,"'% Change in Monthly Cost'"
883683,"'% Change in Monthly Cost'"
883711,"'Cost Per Circuit','Cost Per Circuit','Cost Per Circuit'"
883712,"'Cost Per Circuit'"
883714,"'Change in Total Monthly Cost'"
883723,"'BW per Student'"
883759,"'Cost Per Circuit'"
883774,"'Cost Per Circuit'"
883780,"'Change in Total BW'"
883792,"'Cost Per Circuit'"
883854,"'Cost Per Circuit'"
883910,"'% Change in Monthly Cost','Change in Total BW','Change in Total BW'"
883914,"'Cost Per Circuit'"
883920,"'Monthly Cost per Mbps'"
883931,"'Cost Per Circuit'"
883962,"'% Change in Monthly Cost','Monthly Cost per Mbps'"
883973,"'Monthly Cost per Mbps'"
883986,"'Monthly Cost per Mbps'"
883988,"'Change in Total BW'"
883998,"'Cost Per Circuit'"
884022,"'Cost Per Circuit'"
884034,"'Change in Total Monthly Cost'"
884147,"'Change in Total BW','% Change in BW'"
884161,"'% Change in Monthly Cost','Monthly Cost per Mbps','Change in Total BW','% Change in BW','Change in Total BW'"
884169,"'% Change in Monthly Cost'"
884174,"'Change in Total BW','% Change in BW'"
884186,"'% Change in Monthly Cost'"
884220,"'Cost Per Circuit'"
884221,"'Cost Per Circuit'"
884222,"'% Change in BW','Change in Total BW'"
884226,"'Monthly Cost per Mbps'"
884234,"'Monthly Cost per Mbps'"
884244,"'% Change in Monthly Cost'"
884254,"'% Change in Monthly Cost'"
884258,"'Monthly Cost per Mbps'"
884261,"'Cost Per Circuit'"
884265,"'Change in Total BW','% Change in Monthly Cost','Monthly Cost per Mbps','% Change in BW'"
884273,"'% Change in Monthly Cost'"
884281,"'Monthly Cost per Mbps'"
884284,"'% Change in Monthly Cost'"
884297,"'Change in Total BW','Change in Total BW','% Change in BW','BW per Student','BW per Student'"
884307,"'% Change in BW','Change in Total BW'"
884309,"'% Change in Monthly Cost'"
884310,"'Change in Total BW','Change in Total BW','% Change in BW','Monthly Cost per Mbps'"
884318,"'Change in Total BW','% Change in BW'"
884319,"'% Change in BW','Change in Total BW'"
884322,"'% Change in BW','Monthly Cost per Mbps'"
884323,"'Cost Per Circuit'"
884324,"'Monthly Cost per Mbps','% Change in Monthly Cost','Change in Total BW','Change in Total BW','% Change in BW'"
884332,"'Cost Per Circuit','Cost Per Circuit'"
884333,"'Cost Per Circuit'"
884339,"'% Change in BW','Change in Total BW'"
884346,"'Change in Total BW','% Change in BW'"
884351,"'Monthly Cost per Mbps'"
886854,"'% Change in Monthly Cost'"
886862,"'Change in Total BW'"
888977,"'Monthly Cost per Mbps'"
888980,"'Cost Per Circuit'"
888982,"'Cost Per Circuit'"
888992,"'% Change in Monthly Cost'"
889002,"'BW per Student'"
889003,"'BW per Student'"
889015,"'BW per Student'"
889020,"'Change in Total Monthly Cost','BW per Student'"
889021,"'BW per Student'"
889027,"'Cost Per Circuit','Cost Per Circuit'"
889033,"'BW per Student'"
889047,"'BW per Student'"
889835,"'% Change in BW','Change in Total Monthly Cost','% Change in Monthly Cost','BW per Student','BW per Student','% Change in BW','Change in Total BW','Change in Total BW'"
889839,"'Change in Total Monthly Cost','Monthly Cost per Mbps'"
889860,"'Change in Total BW','% Change in BW'"
889865,"'% Change in Monthly Cost'"
889872,"'% Change in BW','Change in Total BW','BW per Student','Change in Total BW'"
889873,"'% Change in BW','BW per Student','Change in Total BW'"
889874,"'% Change in Monthly Cost','Change in Total Monthly Cost'"
889885,"'BW per Student'"
889887,"'BW per Student'"
889903,"'Change in Total Monthly Cost','% Change in BW','BW per Student','% Change in Monthly Cost','Change in Total BW'"
889917,"'% Change in BW','Change in Total BW'"
889918,"'Cost Per Circuit'"
889928,"'Change in Total BW','% Change in BW','Change in Total Monthly Cost','BW per Student','% Change in Monthly Cost'"
889935,"'% Change in Monthly Cost','Change in Total Monthly Cost','Monthly Cost per Mbps','% Change in Monthly Cost'"
889954,"'% Change in Monthly Cost'"
889960,"'Change in Total BW'"
889970,"'Change in Total BW','Change in Total Monthly Cost'"
889974,"'Change in Total Monthly Cost'"
889975,"'Cost Per Circuit'"
890003,"'Monthly Cost per Mbps'"
890007,"'Monthly Cost per Mbps'"
890009,"'% Change in Monthly Cost','% Change in BW','Change in Total BW'"
890019,"'Change in Total BW','BW per Student'"
890026,"'BW per Student'"
894165,"'Cost Per Circuit'"
894360,"'Cost Per Circuit'"
894386,"'BW per Student'"
895366,"'BW per Student'"
895368,"'Change in Total Monthly Cost'"
895369,"'Cost Per Circuit'"
895419,"'Monthly Cost per Mbps'"
895433,"'Change in Total BW','% Change in BW'"
895449,"'Monthly Cost per Mbps'"
895457,"'Monthly Cost per Mbps'"
895469,"'BW per Student'"
895474,"'% Change in Monthly Cost','Monthly Cost per Mbps','% Change in Monthly Cost','Change in Total Monthly Cost','Cost Per Circuit'"
895477,"'% Change in Monthly Cost'"
895482,"'Monthly Cost per Mbps','% Change in Monthly Cost','Change in Total Monthly Cost'"
895486,"'Change in Total BW','% Change in BW','BW per Student'"
895492,"'Change in Total Monthly Cost','BW per Student'"
895496,"'BW per Student'"
900862,"'% Change in Monthly Cost'"
900872,"'Cost Per Circuit'"
900883,"'Cost Per Circuit'"
900891,"'Cost Per Circuit','Cost Per Circuit'"
900914,"'% Change in BW','BW per Student'"
900920,"'Cost Per Circuit'"
900925,"'Cost Per Circuit'"
900927,"'Cost Per Circuit'"
900931,"'Monthly Cost per Mbps'"
900933,"'% Change in BW','BW per Student'"
900938,"'Cost Per Circuit'"
900940,"'Cost Per Circuit'"
900960,"'Cost Per Circuit'"
900962,"'Cost Per Circuit'"
900965,"'Cost Per Circuit'"
900976,"'Cost Per Circuit'"
900992,"'BW per Student'"
901038,"'Cost Per Circuit'"
901054,"'BW per Student'"
901068,"'Cost Per Circuit'"
901079,"'Cost Per Circuit'"
901096,"'BW per Student'"
901116,"'Cost Per Circuit'"
901121,"'Cost Per Circuit','Cost Per Circuit'"
901140,"'% Change in Monthly Cost','Change in Total BW'"
901151,"'Cost Per Circuit'"
901181,"'Monthly Cost per Mbps'"
901185,"'Cost Per Circuit'"
901186,"'Cost Per Circuit'"
901227,"'Cost Per Circuit'"
901238,"'% Change in Monthly Cost'"
901281,"'Cost Per Circuit'"
901296,"'Cost Per Circuit'"
901339,"'Cost Per Circuit'"
901392,"'Cost Per Circuit'"
901394,"'Cost Per Circuit'"
901457,"'Change in Total BW'"
901479,"'Cost Per Circuit'"
901488,"'Cost Per Circuit'"
901490,"'Monthly Cost per Mbps'"
901503,"'Cost Per Circuit'"
901520,"'Cost Per Circuit'"
901560,"'Cost Per Circuit','Cost Per Circuit'"
901603,"'Cost Per Circuit'"
901637,"'Cost Per Circuit'"
901770,"'Cost Per Circuit'"
901842,"'Cost Per Circuit'"
901907,"'Cost Per Circuit'"
901936,"'BW per Student'"
901956,"'Cost Per Circuit'"
902000,"'Cost Per Circuit'"
902039,"'Cost Per Circuit','Cost Per Circuit'"
902054,"'Change in Total Monthly Cost','% Change in BW'"
902059,"'% Change in BW','BW per Student','Change in Total BW'"
902117,"'Change in Total BW'"
902122,"'Change in Total BW','BW per Student'"
902127,"'% Change in BW'"
902137,"'BW per Student'"
902142,"'BW per Student'"
902162,"'Cost Per Circuit'"
902172,"'Change in Total BW'"
902183,"'BW per Student'"
902187,"'BW per Student'"
902221,"'Cost Per Circuit'"
902266,"'BW per Student'"
903413,"'BW per Student'"
903417,"'% Change in BW','BW per Student','Change in Total BW'"
903437,"'Change in Total BW'"
903450,"'Monthly Cost per Mbps'"
903478,"'% Change in Monthly Cost'"
903482,"'BW per Student'"
903495,"'Cost Per Circuit'"
903532,"'Cost Per Circuit'"
903561,"'BW per Student','Change in Total BW'"
903657,"'Change in Total BW'"
904404,"'Cost Per Circuit'"
904410,"'Cost Per Circuit'"
904422,"'Cost Per Circuit'"
904440,"'Cost Per Circuit'"
904454,"'Cost Per Circuit'"
904471,"'Cost Per Circuit'"
904473,"'Cost Per Circuit'"
904487,"'Cost Per Circuit'"
904499,"'Cost Per Circuit'"
904507,"'Cost Per Circuit'"
904547,"'Cost Per Circuit'"
909712,"'Cost Per Circuit'"
909716,"'Monthly Cost per Mbps'"
909722,"'Cost Per Circuit','Cost Per Circuit'"
909735,"'Change in Total Monthly Cost'"
909747,"'Cost Per Circuit'"
909762,"'BW per Student'"
909774,"'Monthly Cost per Mbps'"
911092,"'BW per Student'"
911113,"'BW per Student'"
911120,"'BW per Student'"
911153,"'BW per Student','% Change in BW','Change in Total BW'"
911186,"'Cost Per Circuit'"
911207,"'Change in Total BW'"
911224,"'BW per Student'"
911228,"'BW per Student'"
911232,"'Cost Per Circuit'"
911252,"'BW per Student'"
911258,"'BW per Student'"
911259,"'Change in Total BW'"
911264,"'Change in Total BW'"
919145,"'Monthly Cost per Mbps','Change in Total Monthly Cost'"
919482,"'Monthly Cost per Mbps'"
919496,"'BW per Student'"
919508,"'Monthly Cost per Mbps'"
919516,"'BW per Student'"
919521,"'BW per Student'"
919522,"'BW per Student'"
919547,"'% Change in Monthly Cost'"
919554,"'Change in Total Monthly Cost','Monthly Cost per Mbps','% Change in Monthly Cost'"
919684,"'% Change in Monthly Cost','Change in Total BW'"
919687,"'BW per Student'"
919689,"'% Change in Monthly Cost'"
919720,"'% Change in Monthly Cost'"
919724,"'% Change in Monthly Cost'"
919752,"'BW per Student'"
919754,"'Change in Total Monthly Cost','Monthly Cost per Mbps'"
919799,"'% Change in Monthly Cost','Cost Per Circuit'"
919877,"'% Change in Monthly Cost'"
919924,"'Cost Per Circuit'"
919957,"'Monthly Cost per Mbps'"
919975,"'% Change in Monthly Cost'"
919978,"'% Change in Monthly Cost'"
919984,"'Change in Total Monthly Cost'"
920037,"'BW per Student'"
920043,"'BW per Student'"
920052,"'BW per Student'"
920055,"'% Change in Monthly Cost'"
920056,"'% Change in Monthly Cost'"
922216,"'BW per Student'"
922218,"'Monthly Cost per Mbps','Change in Total Monthly Cost','% Change in Monthly Cost','% Change in Monthly Cost'"
922582,"'BW per Student'"
922586,"'Monthly Cost per Mbps'"
922674,"'BW per Student'"
922705,"'Change in Total BW'"
922736,"'BW per Student'"
922740,"'Change in Total BW','BW per Student'"
922755,"'Monthly Cost per Mbps'"
922766,"'Change in Total BW','BW per Student'"
922809,"'Change in Total BW'"
924087,"'% Change in Monthly Cost'"
924156,"'Cost Per Circuit'"
924199,"'Monthly Cost per Mbps'"
924247,"'% Change in Monthly Cost'"
924271,"'BW per Student','Change in Total BW','% Change in BW'"
924320,"'Cost Per Circuit'"
924377,"'% Change in Monthly Cost'"
924469,"'% Change in Monthly Cost','Monthly Cost per Mbps'"
924487,"'BW per Student'"
924542,"'BW per Student'"
924546,"'Change in Total BW'"
924560,"'Cost Per Circuit'"
924562,"'Cost Per Circuit'"
924605,"'Cost Per Circuit'"
924619,"'Change in Total BW','BW per Student'"
924625,"'% Change in Monthly Cost'"
924637,"'% Change in Monthly Cost','Change in Total BW'"
926573,"'BW per Student'"
926606,"'% Change in Monthly Cost'"
926607,"'Change in Total Monthly Cost'"
926613,"'Change in Total Monthly Cost'"
926639,"'Change in Total BW'"
926682,"'Change in Total Monthly Cost'"
926688,"'Change in Total BW'"
926705,"'Change in Total Monthly Cost'"
926706,"'Change in Total Monthly Cost'"
926722,"'Change in Total Monthly Cost'"
928792,"'Change in Total Monthly Cost'"
928818,"'BW per Student'"
928881,"'% Change in Monthly Cost','Monthly Cost per Mbps','Change in Total Monthly Cost'"
928961,"'Change in Total BW'"
929075,"'Monthly Cost per Mbps'"
929133,"'Change in Total Monthly Cost'"
929523,"'Cost Per Circuit'"
929538,"'BW per Student'"
929578,"'Cost Per Circuit'"
929592,"'Cost Per Circuit'"
936175,"'BW per Student'"
936201,"'Monthly Cost per Mbps'"
937580,"'BW per Student'"
937610,"'BW per Student'"
937611,"'BW per Student'"
937633,"'BW per Student'"
937635,"'BW per Student'"
937645,"'Change in Total BW','% Change in BW'"
937654,"'BW per Student'"
937662,"'Cost Per Circuit'"
940940,"'BW per Student'"
941199,"'Cost Per Circuit'"
941316,"'Cost Per Circuit'"
941508,"'Cost Per Circuit'"
941518,"'Cost Per Circuit'"
941519,"'Cost Per Circuit','Cost Per Circuit'"
941626,"'% Change in Monthly Cost','Change in Total Monthly Cost'"
941629,"'Change in Total BW'"
941665,"'Cost Per Circuit'"
942877,"'Cost Per Circuit'"
942883,"'Cost Per Circuit'"
942889,"'Cost Per Circuit'"
942893,"'Cost Per Circuit'"
942900,"'BW per Student'"
942906,"'Cost Per Circuit','Cost Per Circuit'"
942912,"'Cost Per Circuit'"
942913,"'BW per Student'"
942951,"'BW per Student'"
942966,"'Cost Per Circuit','Cost Per Circuit'"
942967,"'% Change in BW'"
942970,"'% Change in BW','BW per Student'"
943386,"'Cost Per Circuit'"
946196,"'Change in Total Monthly Cost'"
946210,"'% Change in Monthly Cost'"
946263,"'BW per Student'"
946272,"'Change in Total Monthly Cost','% Change in Monthly Cost'"
946301,"'BW per Student'"
946326,"'Change in Total BW','% Change in Monthly Cost'"
946329,"'% Change in Monthly Cost'"
946363,"'% Change in Monthly Cost'"
946379,"'BW per Student'"
946419,"'% Change in Monthly Cost'"
946510,"'BW per Student'"
946543,"'BW per Student','Change in Total Monthly Cost','Change in Total BW'"
946581,"'% Change in Monthly Cost'"
946640,"'Cost Per Circuit'"
946666,"'% Change in Monthly Cost'"
946701,"'% Change in Monthly Cost'"
946718,"'Change in Total Monthly Cost'"
946740,"'Cost Per Circuit'"
946805,"'Cost Per Circuit'"
949485,"'Cost Per Circuit'"
949588,"'Cost Per Circuit'"
949593,"'Cost Per Circuit'"
949611,"'Cost Per Circuit'"
949651,"'Cost Per Circuit'"
949709,"'BW per Student','Change in Total BW'"
949852,"'Monthly Cost per Mbps','% Change in Monthly Cost','Change in Total Monthly Cost'"
949885,"'Cost Per Circuit'"
949914,"'Cost Per Circuit'"
949927,"'Cost Per Circuit'"
949950,"'Cost Per Circuit'"
950075,"'Cost Per Circuit'"
950131,"'% Change in BW'"
950402,"'% Change in Monthly Cost'"
951241,"'BW per Student'"
951243,"'Change in Total BW','BW per Student'"
951283,"'% Change in Monthly Cost','Monthly Cost per Mbps'"
951286,"'Change in Total BW'"
951349,"'Cost Per Circuit'"
951415,"'BW per Student'"
951597,"'Cost Per Circuit'"
951613,"'Change in Total BW'"
951648,"'Change in Total Monthly Cost'"
951674,"'BW per Student'"
952136,"'% Change in BW','Change in Total Monthly Cost','BW per Student'"
952151,"'Change in Total Monthly Cost'"
952171,"'Cost Per Circuit'"
952203,"'Monthly Cost per Mbps'"
952212,"'% Change in Monthly Cost'"
952216,"'Monthly Cost per Mbps'"
952225,"'Change in Total BW'"
952250,"'Cost Per Circuit'"
952251,"'% Change in BW'"
952268,"'% Change in Monthly Cost'"
952272,"'Monthly Cost per Mbps','Change in Total Monthly Cost'"
952273,"'Change in Total Monthly Cost'"
952291,"'BW per Student'"
952296,"'Monthly Cost per Mbps'"
952302,"'% Change in BW','Change in Total Monthly Cost','BW per Student'"
952320,"'Change in Total Monthly Cost'"
952326,"'BW per Student','Change in Total Monthly Cost','BW per Student','% Change in BW','Change in Total BW'"
952335,"'Monthly Cost per Mbps'"
953616,"'% Change in Monthly Cost'"
953632,"'Change in Total BW'"
953640,"'Change in Total BW','Cost Per Circuit'"
953651,"'% Change in Monthly Cost'"
953655,"'Cost Per Circuit'"
953656,"'Cost Per Circuit'"
953668,"'Change in Total BW'"
953681,"'% Change in Monthly Cost'"
953682,"'Cost Per Circuit'"
953694,"'% Change in Monthly Cost'"
953703,"'BW per Student'"
953705,"'BW per Student','BW per Student','Change in Total BW'"
953712,"'% Change in Monthly Cost'"
953714,"'% Change in Monthly Cost'"
953722,"'% Change in Monthly Cost'"
953726,"'Monthly Cost per Mbps'"
953745,"'Change in Total BW','BW per Student'"
953747,"'% Change in Monthly Cost'"
953748,"'% Change in Monthly Cost'"
953759,"'% Change in Monthly Cost'"
953764,"'% Change in Monthly Cost'"
953767,"'BW per Student'"
953768,"'% Change in Monthly Cost'"
953782,"'BW per Student'"
953787,"'Change in Total Monthly Cost'"
953806,"'Change in Total BW'"
953807,"'BW per Student'"
953823,"'% Change in Monthly Cost','BW per Student'"
953827,"'BW per Student','% Change in Monthly Cost'"
953838,"'Change in Total BW'"
953844,"'Change in Total BW'"
953849,"'BW per Student','BW per Student','Change in Total BW'"
953866,"'Cost Per Circuit'"
953877,"'% Change in Monthly Cost'"
953891,"'% Change in Monthly Cost'"
953901,"'BW per Student','Change in Total BW'"
953906,"'BW per Student'"
953935,"'BW per Student'"
953952,"'% Change in Monthly Cost'"
953955,"'BW per Student','Change in Total BW','BW per Student'"
953956,"'% Change in Monthly Cost','BW per Student'"
953964,"'Cost Per Circuit'"
953966,"'Cost Per Circuit'"
953979,"'BW per Student','% Change in Monthly Cost'"
953980,"'BW per Student'"
953988,"'% Change in BW'"
953997,"'% Change in Monthly Cost'"
954002,"'Change in Total BW','BW per Student'"
954008,"'BW per Student','% Change in BW','Change in Total BW','Change in Total BW'"
954012,"'Change in Total BW'"
954042,"'Change in Total BW'"
954044,"'Monthly Cost per Mbps','% Change in Monthly Cost','% Change in Monthly Cost'"
954063,"'Change in Total Monthly Cost'"
954082,"'% Change in Monthly Cost'"
954085,"'% Change in Monthly Cost'"
954091,"'% Change in Monthly Cost'"
954092,"'BW per Student'"
954123,"'BW per Student'"
954124,"'% Change in Monthly Cost'"
954134,"'% Change in Monthly Cost'"
954135,"'% Change in Monthly Cost'"
954159,"'Change in Total BW'"
954160,"'BW per Student','% Change in Monthly Cost'"
954172,"'Change in Total BW'"
954194,"'% Change in Monthly Cost'"
954206,"'Change in Total BW'"
959606,"'Monthly Cost per Mbps','% Change in Monthly Cost'"
959613,"'BW per Student'"
959619,"'Change in Total Monthly Cost','Monthly Cost per Mbps'"
962263,"'BW per Student','Change in Total Monthly Cost','% Change in Monthly Cost'"
962295,"'Cost Per Circuit'"
962315,"'% Change in Monthly Cost','Change in Total Monthly Cost'"
965861,"'Cost Per Circuit'"
965996,"'Change in Total Monthly Cost','% Change in Monthly Cost'"
966053,"'Cost Per Circuit','Cost Per Circuit'"
967049,"'BW per Student'"
967059,"'% Change in Monthly Cost'"
967060,"'Monthly Cost per Mbps'"
967069,"'Change in Total BW','% Change in Monthly Cost'"
967071,"'% Change in Monthly Cost'"
967073,"'BW per Student'"
967078,"'% Change in Monthly Cost'"
967090,"'% Change in Monthly Cost'"
967097,"'% Change in Monthly Cost','Monthly Cost per Mbps'"
967100,"'% Change in Monthly Cost'"
967101,"'% Change in Monthly Cost'"
967103,"'% Change in Monthly Cost','Monthly Cost per Mbps'"
967142,"'% Change in Monthly Cost'"
967144,"'% Change in Monthly Cost'"
967147,"'% Change in Monthly Cost'"
967148,"'% Change in Monthly Cost'"
967153,"'% Change in Monthly Cost'"
967154,"'% Change in Monthly Cost'"
967180,"'% Change in Monthly Cost'"
967190,"'Change in Total Monthly Cost'"
967205,"'% Change in Monthly Cost'"
967207,"'BW per Student'"
967208,"'Monthly Cost per Mbps'"
967209,"'% Change in Monthly Cost'"
967216,"'% Change in Monthly Cost'"
967222,"'% Change in Monthly Cost'"
967224,"'Change in Total BW'"
968674,"'Change in Total BW','BW per Student','Change in Total BW'"
968966,"'Cost Per Circuit'"
968970,"'Change in Total BW'"
969138,"'BW per Student'"
969160,"'BW per Student','Change in Total BW','Change in Total BW','% Change in BW'"
969168,"'Cost Per Circuit'"
969217,"'Cost Per Circuit'"
969293,"'Cost Per Circuit'"
969301,"'Cost Per Circuit'"
969372,"'Monthly Cost per Mbps'"
969376,"'Cost Per Circuit'"
969429,"'BW per Student'"
969450,"'Cost Per Circuit'"
969473,"'Change in Total BW','BW per Student'"
969479,"'BW per Student','Change in Total BW','Change in Total BW'"
969496,"'% Change in BW'"
969518,"'BW per Student'"
969594,"'BW per Student','% Change in BW'"
969595,"'BW per Student'"
969606,"'Cost Per Circuit'"
969659,"'% Change in Monthly Cost'"
969709,"'% Change in BW'"
969721,"'Cost Per Circuit'"
969724,"'BW per Student'"
969787,"'Cost Per Circuit'"
969789,"'% Change in BW'"
969864,"'Cost Per Circuit'"
969883,"'% Change in BW'"
969917,"'Monthly Cost per Mbps'"
969966,"'BW per Student','Change in Total BW','Change in Total BW'"
969973,"'Cost Per Circuit'"
969997,"'BW per Student'"
970020,"'Cost Per Circuit'"
970072,"'BW per Student','Change in Total Monthly Cost','% Change in BW'"
970075,"'Change in Total Monthly Cost','Monthly Cost per Mbps'"
970097,"'Cost Per Circuit'"
970103,"'BW per Student','% Change in BW'"
970121,"'Cost Per Circuit'"
970137,"'Cost Per Circuit'"
970159,"'Change in Total Monthly Cost','Monthly Cost per Mbps'"
970174,"'Cost Per Circuit'"
970190,"'BW per Student','Change in Total BW'"
970209,"'Cost Per Circuit'"
975510,"'% Change in BW','BW per Student'"
975511,"'Cost Per Circuit'"
975525,"'Change in Total Monthly Cost','Monthly Cost per Mbps','% Change in Monthly Cost'"
975607,"'% Change in BW'"
975618,"'Monthly Cost per Mbps'"
975643,"'BW per Student','% Change in BW'"
975649,"'Change in Total BW'"
975662,"'BW per Student'"
980678,"'% Change in Monthly Cost'"
980690,"'% Change in BW'"
982928,"'Cost Per Circuit'"
982951,"'Cost Per Circuit'"
983055,"'Cost Per Circuit'"
983074,"'Cost Per Circuit'"
983120,"'Cost Per Circuit'"
983135,"'Cost Per Circuit'"
983197,"'Cost Per Circuit'"
983199,"'Cost Per Circuit'"
983216,"'Cost Per Circuit'"
983276,"'Monthly Cost per Mbps'"
983711,"'BW per Student'"
983743,"'BW per Student'"
983745,"'Cost Per Circuit'"
983749,"'BW per Student'"
983776,"'Change in Total Monthly Cost'"
983779,"'BW per Student'"
983890,"'BW per Student'"
983899,"'BW per Student'"
983904,"'BW per Student'"
983927,"'BW per Student'"
983930,"'BW per Student'"
983932,"'BW per Student'"
983939,"'Change in Total BW'"
983994,"'Change in Total BW','% Change in BW','BW per Student'"
983998,"'Change in Total BW','% Change in Monthly Cost','% Change in Monthly Cost','Change in Total BW','Change in Total Monthly Cost'"
984034,"'BW per Student'"
984040,"'BW per Student'"
984041,"'Cost Per Circuit'"
984056,"'% Change in Monthly Cost'"
984059,"'Change in Total BW'"
984061,"'Cost Per Circuit'"
984078,"'BW per Student'"
984079,"'BW per Student'"
984083,"'% Change in BW'"
984105,"'Change in Total BW'"
984115,"'% Change in Monthly Cost'"
984246,"'BW per Student'"
984253,"'% Change in Monthly Cost'"
984306,"'Cost Per Circuit'"
984310,"'BW per Student'"
984855,"'Change in Total BW','BW per Student','% Change in BW'"
984871,"'% Change in Monthly Cost'"
984879,"'Monthly Cost per Mbps'"
984902,"'Monthly Cost per Mbps'"
1074091,"'Cost Per Circuit'"
