text,count
frn,4643
services,3513
fcc,2887
dr1,2726
service,2497
denied,2157
documentation,2014
applicant,1700
voice,1593
funding,1512
rules,1279
provided,1206
form,1191
therefore,1180
order,1170
request,1085
support,1073
determine,1013
year,978
program,920
470,892
competitive,872
bidding,869
needed,833
sufficient,820
rate,807
eligibility,789
item,775
14,775
following,763
99,750
requested,749
subject,721
eligible,720
cost,716
month,710
type,704
discount,676
according,676
2015,656
phase,656
beginning,650
reduced,648
require,645
provide,625
products,611
ineligible,594
process,591
bidders,591
provider,581
failed,578
rfp,571
bid,559
information,555
vendor,534
based,487
entity,476
must,468
since,468
mr1,465
applicants,464
data,454
fiber,452
entities,450
effective,440
review,434
per,427
schools,421
evaluation,361
471,354
modified,347
dr2,310
agree,309
required,302
requirements,302
specific,300
prospective,296
respond,293
posted,288
accurate,288
providers,281
met,277
requirement,273
application,269
demonstrate,266
individual,262
bids,257
price,253
plans,248
contract,246
current,245
bona,240
fide,240
school,238
evaluate,235
potential,235
libraries,231
prices,225
use,224
network,222
requesting,214
chooses,214
local,213
dark,213
associated,207
changed,207
accordance,203
requests,199
either,192
meet,191
receive,189
submit,177
solution,176
factor,175
possible,174
stated,171
usac,167
universal,167
used,167
administrator,165
violated,165
included,164
line,162
within,160
amount,157
product,156
mr2,156
proposal,156
28,151
needs,149
solicitation,144
pertinent,144
160029101,144
defining,143
basis,142
date,142
consortium,142
lower,142
option,140
new,137
authority,137
available,136
fall,135
2016,134
primary,133
wireless,133
equipment,132
includes,131
internet,129
tariff,127
demonstrated,127
selective,126
percent,125
thirty,125
oya,124
violation,123
two,122
winning,121
created,120
00,117
asked,117
access,115
selected,114
questions,114
years,112
number,112
04,108
contains,108
may,107
selection,107
one,107
cards,105
air,105
area,104
determined,103
agreement,103
part,102
physically,102
duplicative,102
unless,102
installing,102
13,102
alone,101
location,100
16049708,100
uncommon,100
make,99
legally,99
binding,99
academy,97
fund,96
fy2016,96
certifications,95
document,95
description,95
remove,94
cellular,93
receiving,93
referenced,93
long,92
total,92
effectiveness,91
prohibit,91
however,91
proposals,90
distance,89
act,89
better,89
submitting,89
due,88
applies,88
nifs,88
also,87
amp,86
lit,86
conduct,85
lines,85
fair,85
select,85
choose,84
connection,84
open,84
signed,83
could,83
internal,82
connected,82
result,81
telephone,80
competing,80
phone,80
prior,80
items,79
complete,79
ral,78
changes,78
site,78
selecting,77
certification,77
secondary,77
seek,77
sought,77
special,77
member,76
free,76
mtm,76
statutory,75
elementary,75
instance,74
occurred,74
ysleta,74
would,74
explained,74
deemed,74
single,73
intended,73
individually,73
definition,73
choosing,73
ago,73
forms,72
upon,72
ensure,72
valid,72
accountability,72
effectively,72
elaborated,72
guideline,72
expiration,72
transmission,72
was,72
instructions,72
essential,72
way,72
competitively,72
messaging,72
components,72
stand,72
mr,72
merely,72
necessary,72
congress,72
meaning,72
closed,72
malavé,72
detail,72
discounted,72
answered,72
assessments,72
forming,71
bidded,71
considerations,71
not,71
telecommunication,71
relates,71
exact,71
2017,71
shared,71
regulations,71
promote,71
benefits,71
goal,71
because,71
specified,71
many,71
facilities,71
aggregate,71
efficient,71
method,71
demand,71
handled,71
moreover,71
fact,71
library,70
weighted,69
time,69
72,68
day,68
collection,67
debt,66
april,66
2004,66
1996,66
light,66
improvement,66
listed,66
red,66
noncompliance,66
implements,66
rule,66
leased,65
category,65
entered,63
text,62
1699138580,62
youth,62
1699145599,62
period,62
consider,61
filed,61
criteria,60
factors,60
monthly,59
filing,58
state,58
unable,58
productivity,58
yes,57
portal,57
equivalent,56
ies,55
cannot,55
solutions,55
validate,53
additional,51
12,51
uploaded,50
waiting,49
submitted,49
opportunity,49
award,49
maintenance,49
place,48
days,48
spin,48
10,48
mr3,48
recipient,47
without,47
recipients,47
removed,46
posting,46
provisioned,46
self,46
campus,45
sheet,45
fy2017,43
procedures,42
response,42
split,42
no,41
regarding,41
retain,40
web,40
compliance,40
parent,40
construction,40
agency,40
violates,40
weighting,39
center,39
ten,39
significant,39
computed,38
change,38
county,37
21,37
different,37
value,36
cited,36
pri,36
child,36
less,36
expensive,36
technology,35
llc,34
98,34
original,34
001,33
offered,33
hub,33
heavily,33
added,32
58,32
substantially,32
inc,32
17010501,31
16039828,31
16042682,31
17012378,31
51,31
bella,31
terra,31
success,31
17010500,31
sobrato,31
south,31
53,31
washington,31
17010499,31
quantity,31
name,31
17010498,31
including,31
consultation,31
relationship,30
446,30
435,30
made,30
supporting,30
specifically,29
30,29
equal,29
providing,29
greatest,29
charges,29
establishing,29
administrative,28
separate,28
dated,28
validation,28
start,28
received,28
district,27
able,27
include,27
20,27
thus,27
recurring,27
contained,27
64,26
contact,26
demonstrates,26
established,26
mobile,26
annual,26
describe,25
pots,25
modifying,25
assistance,24
fee,24
operation,24
planned,24
considered,24
indicated,23
vendors,23
highest,23
carefully,23
score,23
discounts,23
particular,23
oc,23
student,23
isdn,22
dr3,22
96,22
lsta,22
full,22
24,21
adhere,21
described,21
mo,21
40,20
education,20
brand,20
responses,20
or,20
15,20
manufacturer,20
mail,20
purchase,19
broadband,19
012,19
issued,19
well,19
duplicates,19
awarded,19
ben,19
voip,19
22,19
addenda,18
puerto,18
rico,18
counts,18
eliminating,18
indication,18
undermines,18
allowing,18
apparent,18
specifying,18
operations,18
call,18
non,17
16,17
community,17
justified,17
charter,17
project,17
technical,17
applications,17
sufficiently,17
documents,17
26,17
accordingly,17
addendum,17
students,16
reflect,16
801,16
16078738,16
95,16
action,16
independent,16
id,16
024,16
modem,16
1699100956,16
50,16
worksheet,16
cable,16
correct,15
inform,15
failure,15
communications,15
caller,15
unit,14
speed,14
16056957,14
2000,14
given,14
heartland,14
connections,14
36,14
early,14
advance,14
verification,14
email,14
question,13
answer,13
60,13
bus,13
participates,13
clearly,13
16082813,12
16085064,12
16078530,12
16078529,12
16078532,12
programs,12
16078528,12
16078527,12
ojibwe,12
solicit,12
16076588,12
16078533,12
16078531,12
800,12
costs,12
band,12
leech,12
lake,12
80,12
11,12
17006787,12
count,12
comply,12
childhood,12
charge,12
centro,12
brevard,12
70,11
allocation,11
although,11
occurs,11
plan,11
interconnected,11
least,11
registration,11
iru,11
submission,11
warner,11
wait,11
portion,10
listing,10
enable,10
building,10
supports,10
apply,10
details,10
department,10
analysis,10
25,10
certified,10
extension,10
nslp,10
usage,10
promedia,10
18,10
utilized,10
frame,10
clear,10
143004851,10
813,10
functions,10
rn,10
31,10
billed,9
contain,9
business,9
pricing,9
contractual,9
corrections,9
supply,9
offering,9
celerity,9
200,9
signing,9
bill,9
unmatched,9
17004590,9
tecnológico,9
90,9
32,9
respective,9
scoring,9
addition,9
florida,9
allowable,9
evaluated,9
three,9
points,9
shows,9
website,9
entering,9
lease,9
400,8
hotline,8
toll,8
100,8
furthermore,8
starkey,8
operational,8
station,8
ethernet,8
titled,8
law,8
direct,8
head,8
interferes,8
existed,8
deters,8
telecom,8
times,8
homework,8
advise,8
responsive,8
179905760,8
bristol,8
wytheville,8
public,8
029,8
pursue,8
004,8
profile,8
specifications,8
003,8
88,8
verizon,8
share,8
789,8
another,8
applicable,7
bell,7
learning,7
unlimited,7
23,7
post,7
appear,7
releasing,7
allocations,7
address,7
frns,7
ineligibles,7
indicates,7
75,7
84,7
17,7
biblioteca,7
extended,7
copies,7
43,7
citing,7
45,7
de,7
overall,7
164,7
036,7
500,7
communicated,6
verify,6
wire,6
group,6
commitment,6
video,6
copper,6
company,6
002,6
005,6
circumstances,6
webby,6
extenuating,6
charley,6
dsl,6
05,6
download,6
upload,6
41,6
56,6
basic,6
dedicated,6
enterprises,6
approved,6
criterions,6
37,6
02,6
court,6
voicemail,6
68,6
duplicate,6
zayo,6
213,6
161038879,6
16064795,6
1699083504,6
16082706,6
161038865,6
16054291,6
legal,6
16050366,6
143014344,6
invoice,6
1699008914,6
sp,6
sister,6
remaining,6
16054293,6
2018,6
inside,6
143002665,6
161006502,6
incorporated,6
160010307,6
mbps,6
specs,6
pacific,6
16054295,6
related,6
hunting,6
proficient,6
city,5
scope,5
commission,5
previous,5
premise,5
pre,5
reported,5
52,5
containing,5
payment,5
48,5
representative,5
property,5
advised,5
reasonably,5
16072034,5
16073149,5
600,5
022,5
released,5
bens,5
recovery,5
65,5
budget,5
16082681,5
choice,5
cables,5
calculation,5
capacity,5
specify,5
cell,5
voluntary,5
143008823,5
high,5
properly,5
62,5
copy,5
1699114657,5
define,5
likely,5
accept,5
tax,5
federal,5
formulate,5
devices,5
27,5
key,5
enrollment,5
detailed,5
describes,5
undertaken,5
sbc,5
multiple,5
satélite,5
ii,5
29,5
narrative,5
greater,5
identified,5
never,5
1699083545,5
identical,5
840,5
17006298,4
17006299,4
160511176,4
17006296,4
16059742,4
16049993,4
router,4
018,4
san,4
allotted,4
808,4
allowed,4
17006295,4
whether,4
16051175,4
17006304,4
17006331,4
17006319,4
17006310,4
17006311,4
17006314,4
16059745,4
17006309,4
17006307,4
17006306,4
17006315,4
acquisition,4
accurately,4
17006317,4
17006322,4
97,4
17006323,4
rest,4
17006325,4
17006305,4
17006326,4
absent,4
17006327,4
01,4
17006329,4
17006330,4
17006303,4
relative,4
transport,4
16071184,4
17006374,4
multimegabit,4
mr4,4
mpls,4
device,4
message,4
directory,4
match,4
1699143853,4
list,4
dupage,4
ec,4
switched,4
ld,4
seeking,4
laws,4
etc,4
late,4
kairos,4
juan,4
08,4
116,4
feature,4
features,4
tier,4
frontier,4
implementation,4
decreased,4
decision,4
cox,4
120,4
021,4
16075783,4
reference,4
154,4
recognized,4
similar,4
143046663,4
16080423,4
buses,4
published,4
case,4
16083172,4
children,4
cites,4
commonwealth,4
pr,4
037,4
policy,4
conferencing,4
consideration,4
percentage,4
139,4
utilization,4
correspondence,4
user,4
violating,4
17006371,4
17006358,4
17006403,4
17006415,4
17006336,4
17006414,4
17006413,4
17006412,4
17006362,4
17006411,4
17006332,4
520,4
17006410,4
17006354,4
17006409,4
743,4
17008909,4
17006337,4
35,4
17009994,4
17006408,4
17006369,4
17006406,4
196,4
17006366,4
17006365,4
17006417,4
215,4
66,4
17006425,4
17006431,4
17006430,4
17006429,4
17006428,4
17006427,4
17006352,4
17006433,4
17006434,4
17006351,4
17006426,4
17006424,4
314,4
17007194,4
17006350,4
17006335,4
57,4
17006423,4
17006353,4
17006422,4
17006333,4
17006420,4
17006419,4
17006405,4
250,4
17006383,4
17006386,4
17006382,4
436,4
17006361,4
17006379,4
17006380,4
17006357,4
17006360,4
3rd,4
17006349,4
17006359,4
77,4
17006381,4
17006356,4
17006385,4
17006341,4
17006402,4
39,4
17006394,4
17006375,4
445,4
17006364,4
17006338,4
17006340,4
17006398,4
17006396,4
2019,4
17006388,4
17006342,4
44,4
17006384,4
17006378,4
17006391,4
17006390,4
560,3
calling,3
quality,3
purposes,3
garvanza,3
55,3
provision,3
1799044780,3
143025240,3
scores,3
hosting,3
irving,3
inwood,3
troika,3
5d15,3
directly,3
return,3
ruled,3
doc,3
baumgart,3
indicate,3
408,3
17006592,3
160041565,3
bidder,3
tiers,3
hotspot,3
scored,3
protection,3
17008114,3
funded,3
commercial,3
regional,3
corp,3
status,3
clarification,3
jon,3
349,3
combined,3
cordillera,3
commercially,3
17003098,3
extensions,3
502,3
356,3
relying,3
360,3
4g,3
49,3
excessive,3
circuit,3
fifth,3
duplication,3
forwarding,3
tdm,3
rather,3
tabulation,3
54,3
cellco,3
17008117,3
rebid,3
supported,3
forward,3
134,3
suplidores,3
1708116,3
force,3
recommendations,3
151596,3
150,3
527,3
corporation,3
states,3
reviews,3
9030,3
multi,3
via,3
allotment,3
occur,3
phones,3
las,3
octavia,3
allowance,3
achernar,3
amendment,3
appeal,3
using,3
november,3
leadership,3
across,3
mresc,3
worksheets,3
adherence,3
769,3
android,3
205,3
model,3
la,3
advanced,3
validating,3
judge,3
ordered,3
arrangement,3
longer,3
vegas,3
located,3
mobility,3
750,3
81,3
mrc,3
missing,3
yeshivaday,3
lte,3
license,3
1699092691,3
party,3
underlying,3
63,3
384,2
17003970,2
16060393,2
josh,2
omitted,2
move,2
moved,2
1699077557,2
17003971,2
17003972,2
16060391,2
17003969,2
17003964,2
16060612,2
17003959,2
17003958,2
exorbitant,2
mini,2
exempt,2
remain,2
minimum,2
mismatch,2
mitigates,2
1699111964,2
excluding,2
17011127,2
exceeds,2
remote,2
17011121,2
17003968,2
17003960,2
evaluating,2
368,2
17003962,2
383,2
establishingform,2
17003963,2
enhanced,2
17003965,2
17011117,2
17011116,2
17003966,2
17003967,2
enrolled,2
17003977,2
end,2
17011113,2
17011107,2
nationwide,2
notified,2
17011105,2
17011104,2
restricted,2
nonrotary,2
17003995,2
17003996,2
17003997,2
restriction,2
16051553,2
2012,2
17004001,2
17004003,2
division,2
17011099,2
17004004,2
17004005,2
17004007,2
17004008,2
17004009,2
reverendo,2
17011098,2
reviewed,2
director,2
networks,2
naperville,2
municipality,2
17003992,2
17003982,2
17011112,2
399,2
17003973,2
17003974,2
17011111,2
17003975,2
17003957,2
element,2
16054648,2
17011110,2
17003979,2
17003980,2
17003983,2
numbers,2
17003984,2
17003987,2
educational,2
17003988,2
ed,2
17011109,2
3gb,2
earlier,2
17003990,2
msg,2
17003991,2
17011108,2
min,2
17003954,2
17003956,2
17000407,2
hunt,2
providerfor,2
hotspots,2
225,2
picture,2
16082457,2
16081670,2
letter,2
300,2
303,2
health,2
17004010,2
16080477,2
purchases,2
guidance,2
purpose,2
1699029624,2
1799045594,2
170,2
16080476,2
likewise,2
governing,2
16080475,2
1699032399,2
global,2
gb,2
performed,2
lea,2
227,2
identifying,2
present,2
1699010929,2
251,2
postmarked,2
involved,2
portable,2
252,2
international,2
258,2
premium,2
population,2
insurance,2
preparation,2
inquiry,2
284,2
inquiries,2
initiated,2
272,2
individualrepresenting,2
1799092779,2
163,2
processas,2
273,2
1799107272,2
proof,2
234,2
point,2
17000321,2
funds,2
relevant,2
179915642,2
17011147,2
mary,2
210,2
17011146,2
19,2
fcdl,2
fccform,2
17003684,2
17011145,2
17011141,2
17011138,2
matchmaker,2
17011134,2
17011130,2
17003950,2
17003951,2
796,2
pablo,2
17011129,2
overlapping,2
1699123659,2
meetpoint,2
17003955,2
face,2
otc,2
1699116109,2
meyers,2
17011148,2
17011149,2
package,2
1699133282,2
17000460,2
1699032499,2
318,2
17000491,2
locations,2
327,2
penalized,2
1799006128,2
penalize,2
pattern,2
171041363,2
171,2
recognizes,2
17011152,2
foreign,2
1699133264,2
partnership,2
recover,2
mainenance,2
17014322,2
redundant,2
1699133245,2
17002252,2
file,2
183,2
mandatory,2
16080478,2
79766,2
17011097,2
tecnologico,2
check,2
529,2
chargeable,2
voc,2
532,2
123,2
surcharge,2
acceptable,2
technologies,2
117,2
canada,2
115,2
17007968,2
calls,2
548,2
746,2
74,2
552,2
accounted,2
ca,2
telecommunications,2
telepacific,2
76,2
030,2
03,2
vpn,2
st,2
504,2
communication,2
506,2
509,2
star2star,2
codified,2
co,2
143001192,2
closing,2
warranty,2
close,2
968,2
17008813,2
clarify,2
142,2
storage,2
17008788,2
17008786,2
chosen,2
chose,2
735,2
violate,2
compared,2
backup,2
allow,2
users,2
behalf,2
06,2
america,2
07,2
barrio,2
bandwidth,2
5gb,2
103,2
treated,2
720,2
tri,2
trk,2
trunk,2
appears,2
614,2
auto,2
authorized,2
attendant,2
university,2
1000,2
650,2
660,2
valentín,2
053,2
bundled,2
564,2
actions,2
113,2
add,2
bridges,2
texting,2
viii,2
the,2
binghamton,2
59,2
additionally,2
690,2
68659,2
038,2
17004786,2
timing,2
040,2
17004788,2
048,2
67,2
025,2
7599,2
definitions,2
written,2
17011090,2
17011093,2
corrected,2
467,2
006,2
143048275,2
demonstrating,2
17010978,2
485,2
887,2
160022042,2
829,2
rulerequirement,2
17010977,2
820,2
17010975,2
datapro,2
scale,2
17010980,2
costly,2
46,2
deny,2
17010986,2
sell,2
custom,2
008,2
croom,2
sent,2
17010985,2
separately,2
serviceprovider,2
worth,2
450,2
160,2
17010982,2
160008834,2
17010988,2
show,2
17011091,2
17010989,2
143037005,2
contactinformation,2
160095,2
911,2
17004012,2
windstream,2
92,2
143029770,2
determining,2
17011095,2
921,2
17011096,2
905,2
window,2
17010992,2
143019354,2
420,2
completed,2
seat,2
79,2
17010990,2
143034129,2
17010564,2
smartphone,2
situations,2
sch,2
section,2
sis,2
17010910,2
17011094,2
010,2
consistent,2
cyber,2
rollover,2
013,2
secretary,2
160038787,2
900,2
1699031690,1
phn,1
perform,1
v2,1
pesas,1
ph,1
performing,1
1699091196,1
059,1
oklahoma,1
060,1
unsubstantiated,1
100mb,1
port,1
pop,1
unknown,1
pooled,1
unl,1
police,1
1699095704,1
1799112483,1
073,1
unlisted,1
yeshiva,1
unsupported,1
1699025064,1
plus,1
1699091260,1
upgrade,1
plateau,1
1699020540,1
1699024259,1
1699033836,1
1799112564,1
1699024419,1
072,1
1699024744,1
usa,1
planc,1
pages,1
penteledata,1
201,1
virtual,1
1699051978,1
words,1
1699058593,1
options,1
1699062961,1
1699070795,1
1699073859,1
tyh,1
voicelocal,1
obligated,1
vvm,1
1699074023,1
virginia,1
wan,1
028,1
027,1
1699082857,1
online,1
1699081623,1
offerings,1
office,1
wifi,1
wi,1
199,1
olivera,1
oregon,1
1699048312,1
www,1
parcelas,1
valley,1
180,1
path,1
velocity,1
wrong,1
ventures,1
vic2,1
1699034668,1
vic3,1
2010,1
1699041172,1
1699044083,1
old,1
outage,1
paec,1
nspl,1
1699045925,1
nuevas,1
035,1
overflow,1
1699090436,1
work,1
195,1
outside,1
outlined,1
034339,1
100mbps,1
tlk,1
txt,1
statements,1
17012422,1
subscriber,1
132,1
137,1
17008711,1
138,1
strands,1
rejected,1
sprint,1
143000677,1
16068510,1
143001197,1
17008877,1
standard,1
srvc,1
relocation,1
17014286,1
subsidized,1
130,1
12mb,1
telcom,1
1799020827,1
17008041,1
taxes,1
17008083,1
119,1
system,1
ready,1
17008301,1
177,1
175,1
174,1
17008372,1
17008378,1
125,1
srst,1
143004441,1
quick,1
seca,1
149,1
several,1
151,1
seneca,1
160014210,1
responded,1
160024673,1
160038854,1
17009148,1
sabana,1
resulted,1
16032752,1
16036780,1
rpf,1
rollervoer,1
rfps,1
signal,1
146,1
similarly,1
16061731,1
17009939,1
17009989,1
143025536,1
sow,1
143026181,1
143028369,1
16066081,1
143032173,1
removing,1
143035853,1
renewals,1
smart,1
six,1
sites,1
143036204,1
qwest,1
170075477,1
102,1
1699001259,1
1699005065,1
1699005000,1
1699003289,1
1799097114,1
trails,1
1699002143,1
print,1
traffic,1
tomorrow,1
procedure,1
township,1
totaling,1
104,1
produce,1
16199132887,1
tony,1
previously,1
1799098018,1
press,1
1799098424,1
1699018769,1
1799106572,1
1699015699,1
1799106496,1
tv,1
1699011107,1
trunking,1
1799106371,1
1699005619,1
power,1
truconnect,1
pozas,1
1799106307,1
1799106205,1
tree,1
161045553,1
161045543,1
1799045070,1
16081004,1
1799056889,1
17006604,1
10gb,1
17007419,1
third,1
110,1
thecontract,1
1799056885,1
1799088626,1
1799054158,1
pueblo,1
114,1
purchasing,1
term,1
1154,1
17007477,1
tierras,1
1799060241,1
1799063158,1
108,1
1799087166,1
1799082550,1
1799081939,1
1799081395,1
prohibited,1
1799081349,1
1799081273,1
1799075802,1
nif,1
1799072914,1
1799072096,1
1799067017,1
16084390,1
prorated,1
179906679,1
reviewing,1
1699144929,1
1699099035,1
17004414,1
17004409,1
17004410,1
chok,1
522,1
525,1
17004411,1
531,1
1699099809,1
17004416,1
17004418,1
17004420,1
17004421,1
17004422,1
centurylink,1
17004407,1
christian,1
circuits,1
521,1
17004405,1
520750001036957,1
519,1
clackamas,1
classroom,1
512k,1
512,1
17004404,1
cloud,1
cme,1
17004403,1
college,1
comm,1
535,1
17004423,1
17004424,1
561,1
5940,1
17004435,1
580,1
billing,1
17004434,1
blackberry,1
bny,1
17004433,1
box,1
17004432,1
17004431,1
565,1
563,1
562,1
bx,1
539,1
c2901,1
cablem,1
caliche,1
000,1
17004430,1
17004429,1
cantera,1
547,1
17004428,1
17004426,1
546,1
17004425,1
cc,1
ccc,1
511,1
companion,1
4gb,1
criterion,1
47,1
466,1
465,1
17004364,1
17004363,1
457,1
17004361,1
17004360,1
course,1
covered,1
covering,1
449,1
17004339,1
17004335,1
17004334,1
17004368,1
cvin,1
cwida,1
da,1
17004332,1
dat,1
17004331,1
dataconnect,1
17004330,1
17004328,1
17004327,1
17004326,1
17004325,1
440,1
deduction,1
cooperative,1
17004369,1
comparison,1
confidentiality,1
17004400,1
17004399,1
17004398,1
17004397,1
17004396,1
complies,1
component,1
17004394,1
17004392,1
concurrently,1
17004389,1
conducted,1
conference,1
4fxo,1
confirm,1
17004371,1
17004387,1
17004385,1
17004383,1
499,1
connectivity,1
17004382,1
496,1
17004381,1
17004380,1
17004379,1
17004378,1
17004377,1
17004374,1
490,1
17004677,1
17004779,1
596,1
ac,1
950,1
952,1
954,1
959,1
768,1
960,1
964,1
767,1
978,1
765,1
983,1
98515,1
762,1
995,1
753,1
947,1
751,1
accokeek,1
740,1
account,1
732,1
721,1
719,1
707,1
705,1
699001259,1
699,1
addl,1
695,1
adds,1
949,1
94538,1
adspo13,1
86,1
792,1
788,1
81305,1
814,1
825,1
828,1
83,1
832,1
833,1
780,1
778,1
840y7fiber,1
85,1
859,1
864,1
94,1
774,1
884,1
89,1
8974,1
898,1
91,1
9111,1
923,1
926,1
927,1
929,1
930,1
932,1
939,1
69,1
adult,1
beyond,1
17005001,1
601,1
5m,1
17005011,1
17005010,1
arizona,1
17005009,1
17005008,1
17005007,1
17005006,1
asurion,1
17005005,1
17005004,1
avpn,1
17005003,1
az,1
604,1
azlibrary,1
b2b,1
back,1
balancing,1
17005000,1
17004998,1
bb,1
17004995,1
17004994,1
599,1
17004993,1
17004992,1
17004991,1
598,1
17005013,1
17005014,1
684,1
17005071,1
advantage,1
680,1
679,1
agencies,1
672,1
668,1
667,1
666,1
alexandria,1
645,1
640,1
638,1
17005960,1
already,1
636,1
17005015,1
always,1
americas,1
17005069,1
17005038,1
anexo,1
17005037,1
619,1
617,1
17005019,1
antelope,1
anthony,1
17005018,1
615,1
17005017,1
17004322,1
17004321,1
17004319,1
1699144647,1
2480,1
k9,1
240,1
labor,1
239,1
238,1
lawrence,1
231302,1
2269,1
1699144703,1
22321,1
lee,1
223,1
221005,1
1699144602,1
jetpacks,1
leyisroel,1
1699144555,1
1699144394,1
1699144357,1
22012,1
limited,1
1699144356,1
1699144290,1
1699144288,1
21per,1
1699144112,1
1699143934,1
load,1
locate,1
june,1
jersey,1
1699137812,1
institutions,1
indicating,1
1699145575,1
indicator,1
1699145574,1
1699145573,1
1699145572,1
268,1
1699145571,1
initial,1
inlt,1
266,1
1699145570,1
1699145569,1
instant,1
instruction,1
1699144818,1
instructional,1
1699145568,1
1699145567,1
25mb,1
1699145566,1
1699145562,1
interstate,1
ios,1
ipads,1
iphn,1
iphone,1
1699145362,1
issue,1
1699144908,1
1699138692,1
lot,1
275,1
mr5,1
1699111337,1
modifies,1
1699110998,1
monetary,1
1699110653,1
1699110419,1
months,1
1699109448,1
203,1
1699108358,1
1699108351,1
1699107068,1
1699105507,1
2025,1
mr6,1
mitigate,1
msd,1
1699105027,1
2021,1
1699105025,1
márques,1
1699104380,1
nation,1
national,1
1699104043,1
necesseray,1
need,1
1699101541,1
negotiated,1
net,1
1699112659,1
might,1
low,1
1699125717,1
1699137462,1
loyal,1
1699133350,1
lubavitch,1
main,1
major,1
1699133227,1
1699131018,1
managed,1
management,1
1699129345,1
manufactures,1
1699127772,1
matches,1
mb,1
mifi,1
mci,1
meadows,1
means,1
medium,1
1699123625,1
1699122426,1
1699117409,1
208,1
messenger,1
1699114671,1
207,1
mi,1
microwave,1
middlesex,1
1699145576,1
incorrect,1
definitive,1
error,1
ds1,1
3mb,1
399520001238888,1
ecot,1
electronic,1
elem,1
eligibilty,1
398,1
3948,1
392,1
enterprise,1
epc,1
equally,1
erate,1
375,1
dream,1
everthg,1
every,1
everything,1
exceed,1
excess,1
executed,1
experience,1
expired,1
357,1
facility,1
17003805,1
failing,1
failover,1
17003689,1
ds,1
dr4,1
family,1
4250,1
deluxe,1
17004316,1
17004313,1
17004312,1
17004311,1
17004310,1
429,1
dependent,1
17004309,1
17004305,1
426480001240887,1
17004303,1
despite,1
17004300,1
425,1
406,1
17004296,1
deterred,1
4200,1
418,1
dids,1
digital,1
415,1
411,1
disaster,1
discnt,1
dish,1
diversity,1
dld,1
dollars,1
17003688,1
fax,1
276,1
2g,1
guayanilla,1
308,1
hagans,1
hall,1
1699145592,1
hardware,1
304,1
1699145591,1
1699145590,1
home,1
2mb,1
1699145589,1
1699145588,1
2gb,1
2fxs,1
309,1
294,1
1699145587,1
illegibility,1
illinois,1
immediate,1
implemented,1
1699145586,1
1699145585,1
1699145584,1
1699145583,1
1699145582,1
1699145581,1
1699145577,1
inclusive,1
guayaney,1
ground,1
34,1
17000596,1
336,1
335,1
17003608,1
17003187,1
fiberlink,1
17002244,1
fire,1
firewall,1
flat,1
334,1
17002081,1
follows,1
17001375,1
17001304,1
330,1
green,1
four,1
33,1
17000501,1
17000500,1
frn0799075817,1
frn1799075817,1
320,1
17000450,1
gbps,1
generation,1
313,1
17000090,1
gov,1
310,1
emergency,1
